1|abuse
2|adult
3|agent
4|anger
5|apple
6|award
7|basis
8|beach
9|birth
10|block
11|blood
12|board
13|brain
14|bread
15|break
16|brown
17|buyer
18|cause
19|chain
20|chair
21|chest
22|chief
23|child
24|china
25|claim
26|class
27|clock
28|coach
29|coast
30|court
31|cover
32|cream
33|crime
34|cross
35|crowd
36|crown
37|cycle
38|dance
39|death
40|depth
41|doubt
42|draft
43|drama
44|dream
45|dress
46|drink
47|drive
48|earth
49|enemy
50|entry
51|error
52|event
53|faith
54|fault
55|field
56|fight
57|final
58|floor
59|focus
60|force
61|frame
62|frank
63|front
64|fruit
65|glass
66|grant
67|grass
68|green
69|group
70|guide
71|heart
72|henry
73|horse
74|hotel
75|house
76|image
77|index
78|input
79|issue
80|japan
81|jones
82|judge
83|knife
84|laura
85|layer
86|level
87|lewis
88|light
89|limit
90|lunch
91|major
92|march
93|match
94|metal
95|model
96|money
97|month
98|motor
99|mouth
100|music
101|night
102|noise
103|north
104|novel
105|nurse
106|offer
107|order
108|other
109|owner
110|panel
111|paper
112|party
113|peace
114|peter
115|phase
116|phone
117|piece
118|pilot
119|pitch
120|place
121|plane
122|plant
123|plate
124|point
125|pound
126|power
127|press
128|price
129|pride
130|prize
131|proof
132|queen
133|radio
134|range
135|ratio
136|reply
137|right
138|river
139|round
140|route
141|rugby
142|scale
143|scene
144|scope
145|score
146|sense
147|shape
148|share
149|sheep
150|sheet
151|shift
152|shirt
153|shock
154|sight
155|simon
156|skill
157|sleep
158|smile
159|smith
160|smoke
161|sound
162|south
163|space
164|speed
165|spite
166|sport
167|squad
168|staff
169|stage
170|start
171|state
172|steam
173|steel
174|stock
175|stone
176|store
177|study
178|stuff
179|style
180|sugar
181|table
182|taste
183|terry
184|theme
185|thing
186|title
187|total
188|touch
189|tower
190|track
191|trade
192|train
193|trend
194|trial
195|trust
196|truth
197|uncle
198|union
199|unity
200|value
201|video
202|visit
203|voice
204|waste
205|watch
206|water
207|while
208|white
209|whole
210|woman
211|world
212|youth